<?xml version="1.0" encoding="utf-8"?>
<PowerSmart_Project_Details>
   <key name="VERSION" value="0.1"/>
   <key name="PROJECT_NAME" value="BlankProj"/>
   <key name="DATE-TIME" value="14/01/19-15:39"/>
   <key name="Device Selection" value="dsPIC33EP64GS502"/>
   <key name="DEVICE_CLOCK" value="70 MHz"/>
   <key name="IND_CURR_SENSE" value="DISABLED"/>
   <key name="CURR_MEAS_NETWORK" value="CURRENT_TRANSFORMER"/>
   <key name="PFET_GPIO" value="ENABLED"/>
   <key name="AUTOMATIC_RESTART" value="ENABLED"/>
   <key name="MAINSLINESCALING" value="ENABLED"/>
   <key name="MAINS_UNDERVOLTAGE_FAULT" value="ENABLED"/>
   <key name="MAINS_OVERVOLTAGE_FAULT" value="ENABLED"/>
   <key name="OUTPUT_UNDERVOLTAGE_FAULT" value="ENABLED"/>
   <key name="OUTPUT_OVERVOLTAGE_FAULT" value="ENABLED"/>
   <key name="OVER_POWER_FAULT" value="ENABLED"/>
   <key name="UNDER_FREQ_FAULT" value="ENABLED"/>
   <key name="OVER_FREQ_FAULT" value="ENABLED"/>
   <key name="DEBUG_GPIO" value="ENABLED"/>
   <key name="GENERIC_FLT1" value="ENABLED"/>
   <key name="GENERIC_FLT2" value="ENABLED"/>
   <key name="PWM_DITHERING" value="ENABLED"/>
   <key name="BURST_MODE" value="ENABLED"/>
   <key name="DCM_CORRECTION_FACTOR" value="ENABLED"/>
   <key name="PHASE_SHEDDING" value="DISABLED"/>
   <key name="XCAP_COMPENSATION" value="ENABLED"/>
   <key name="VCOMPSCALER" value="7"/>
   <key name="ZEROCROSSSCALER" value="12"/>
   <key name="PWM_PH1_DRV_CH" value="1"/>
   <key name="PWM_PH1_CH_LOW" value="DISABLED"/>
   <key name="PWM_PH2_DRV_CH" value="1"/>
   <key name="PWM_PH2_CH_LOW" value="ENABLED"/>
   <key name="IPH1_SENSE_CH" value="0"/>
   <key name="VAC_LINE_SENSE_CH" value="2"/>
   <key name="VAC_NEUTRAL_SENSE_CH" value="3"/>
   <key name="VOUT_SENSE_CH" value="1"/>
   <key name="LATCH_FLT_CMP_CH" value="2"/>
   <key name="LATCH_FLT_CMP_INSEL" value="2"/>
   <key name="LATCH_FLT_DAC_THRESHOLD_CNTS" value="3671"/>
   <key name="PFET_GPIO_PORT" value="B"/>
   <key name="PFET_GPIO_PORTNUM" value="13"/>
   <key name="RELAY_GPIO_PORT" value="B"/>
   <key name="RELAY_GPIO_PORTNUM" value="14"/>
   <key name="POWER_ON_GPIO_PORT" value="B"/>
   <key name="POWER_ON_GPIO_PORTNUM" value="4"/>
   <key name="FAULT_GPIO_PORT" value="B"/>
   <key name="FAULT_GPIO_PORTNUM" value="8"/>
   <key name="DEBUG_GPIO_PORT " value="B"/>
   <key name="DEBUG_GPIO_PORTNUM" value="10"/>
   <key name="PWM_SW_PERIOD" value="2404u"/>
   <key name="PWM_RESOLUTION" value="2u"/>
   <key name="I_SAMPLERATE" value="0u"/>
   <key name="V_SAMPLERATE" value="6250u"/>
   <key name="CURR_REF_ISR_TRGCNT" value="1u"/>
   <key name="PHANTHOM_TRIG_OFFSET" value="100"/>
   <key name="GATE_DRV_DELAY" value="150u"/>
   <key name="MAX_RESTART_ATTEMPTS" value="5u"/>
   <key name="SYSTEM_OPERATIONAL" value="600u"/>
   <key name="SYSTEM_RESTART_TIME" value="150000ul"/>
   <key name="MAINS_UV_FLT_THRESHOLD_CNTS" value="743"/>
   <key name="MAINS_UV_FLT_HYSLIMIT_CNTS" value="44"/>
   <key name="MAINS_UV_FLT_CNT_THRESHOLD" value="1"/>
   <key name="MAINS_UV_FLT_CNT_HYSLIMIT" value="1"/>
   <key name="MAINS_OV_FLT_THRESHOLD_CNTS" value="2404"/>
   <key name="MAINS_OV_FLT_HYSLIMIT_CNTS" value="44"/>
   <key name="MAINS_OV_FLT_CNT_THRESHOLD" value="1"/>
   <key name="MAINS_OV_FLT_CNT_HYSLIMIT" value="1"/>
   <key name="OUTPUT_UV_FLT_THRESHOLD_CNTS" value="2972"/>
   <key name="OUTPUT_UV_FLT_CNT_THRESHOLD" value="5"/>
   <key name="OUTPUT_OV_FLT_THRESHOLD_CNTS" value="3672"/>
   <key name="OUTPUT_OV_FLT_HYSLIMIT_CNTS" value="44"/>
   <key name="OUTPUT_OV_FLT_CNT_THRESHOLD" value="1"/>
   <key name="OUTPUT_OV_FLT_CNT_HYSLIMIT" value="1"/>
   <key name="OVR_POWER_FLT_THRESHOLD_CNTS" value="NaNd"/>
   <key name="OVR_POWER_FLT_HYSLIMIT_CNTS" value="1025d"/>
   <key name="OVR_POWER_FLT_CNT_THRESHOLD" value="1u"/>
   <key name="OVR_POWER_FLT_CNT_HYSLIMIT" value="1u"/>
   <key name="UNDER_FREQ_FLT_THRESHOLD_CNTS" value="653"/>
   <key name="UNDER_FREQ_FLT_HYSLIMIT_CNTS" value="612"/>
   <key name="UNDER_FREQ_FLT_CNT_THRESHOLD" value="1"/>
   <key name="UNDER_FREQ_FLT_CNT_HYSLIMIT" value="1"/>
   <key name="OVR_FREQ_FLT_THRESHOLD_CNTS" value="452"/>
   <key name="OVR_FREQ_FLT_HYSLIMIT_CNTS" value="432"/>
   <key name="OVR_FREQ_FLT_CNT_THRESHOLD" value="1"/>
   <key name="OVR_FREQ_FLT_CNT_HYSLIMIT" value="1"/>
   <key name="RELAY_TURNON_THRESHOLD_CNTS" value="65"/>
   <key name="RELAY_HYSLIMIT_CNTS" value="5"/>
   <key name="RELAY_FLT_CNT_THRESHOLD" value="1"/>
   <key name="RELAY_FLT_CNT_HYSLIMIT" value="1"/>
   <key name="GENERIC_FLT1_THRESHOLD_CNTS" value="19"/>
   <key name="GENERIC_FLT1_HYSLIMIT_CNTS" value="20"/>
   <key name="GENERIC_FLT1_CNT_THRESHOLD" value="1"/>
   <key name="GENERIC_FLT1_CNT_HYSLIMIT" value="1"/>
   <key name="GENERIC_FLT2_THRESHOLD_CNTS" value="23"/>
   <key name="GENERIC_FLT2_HYSLIMIT_CNTS" value="24"/>
   <key name="GENERIC_FLT2_CNT_THRESHOLD" value="1"/>
   <key name="GENERIC_FLT2_CNT_HYSLIMIT" value="1"/>
   <key name="SOFT_START_DURATION" value="100000000ul"/>
   <key name="SOFT_START_CALLRATE" value="640000ul"/>
   <key name="BURST_MODE_EN_THRESHOLD" value="10"/>
   <key name="BURSTMODE_ENABLE_WATTS" value=""/>
   <key name="BURST_MODE_DIS_THRESHOLD" value="1"/>
   <key name="BURST_MODE_OFF_CYCLES" value="15"/>
   <key name="MAX_DITHER_FACTOR" value="37682u"/>
   <key name="MIN_DITHER_FACTOR" value="27852u"/>
   <key name="DITHER_SCALEFACTOR" value="25u"/>
   <key name="XCAP_FREQ_GAIN" value="u"/>
   <key name="XCAP_CURR_MAX_CNTS" value="u"/>
   <key name="XCAP_VAC_ARRAY " value="u"/>
   <key name="ADC_RESOLUTION" value="12 Bits"/>
   <key name="ADC_REF_VOLTAGE" value="3.30 Vdc"/>
   <key name="ADC_CONVERSION_LATENCY" value="310 nsec"/>
   <key name="Rfb1" value="1410 kOhm"/>
   <key name="Rfb2" value="10 kOhm"/>
   <key name="Rfb3" value="0.01 kOhm"/>
   <key name="Cfb1" value="100 pF"/>
   <key name="Cfb2" value="1 pF"/>
   <key name="Rfb13" value="1410 kOhm"/>
   <key name="Rfb14" value="10 kOhm"/>
   <key name="Rfb15" value="0.01 kOhm"/>
   <key name="Cfb8" value="100 pF"/>
   <key name="Cfb9" value="1 pF"/>
   <key name="Rfb4" value="1410 kOhm"/>
   <key name="Rfb5" value="10 kOhm"/>
   <key name="Rfb6" value="0.01 kOhm"/>
   <key name="Cfb3" value="100 pF"/>
   <key name="Cfb4" value="1 pF"/>
   <key name="Rfb7" value="0.0165 kOhm"/>
   <key name="Rfb8" value="0.001 kOhm"/>
   <key name="Cfb5" value="1 pF"/>
   <key name="Npri" value="1"/>
   <key name="Nsec" value="100"/>
   <key name="PWM_SW_FREQUENCY" value="100 kHz"/>
   <key name="IL_SAMPLING_RATIO" value="1"/>
   <key name="IL_COMPUTATIONAL_DELAY" value="300 nsec"/>
   <key name="IL_CROSSOVER_FREQUENCY" value="20000 Hz"/>
   <key name="IL_PHASE_MARGIN" value="60 Deg"/>
   <key name="IL_MIN_CONTROL_OUTPUT" value="0"/>
   <key name="IL_MAX_CONTROL_OUTPUT" value="32767"/>
   <key name="OL_COMPUTATIONAL_DELAY" value="300 nsec"/>
   <key name="OL_CROSSOVER_FREQUENCY" value="10 Hz"/>
   <key name="OL_PHASE_MARGIN" value="40 Deg"/>
   <key name="OL_MIN_CONTROL_OUTPUT" value="0"/>
   <key name="OL_MAX_CONTROL_OUTPUT" value="32767"/>
   <key name="AUTO_COMPENSATOR_DESIGN" value="ENABLED"/>
   <key name="INNER_LOOP_COMPENSATOR" value="3P3Z (3 Poles 3 Zeros)"/>
   <key name="IL_GAIN_Kdc" value="52685071420.4699"/>
   <key name="IL_POLE1" value="53215"/>
   <key name="IL_POLE2" value="53215"/>
   <key name="IL_ZERO1" value="7517"/>
   <key name="IL_ZERO2" value="7517"/>
   <key name="IL_CASCADED_POLE1" value="-0"/>
   <key name="IL_CASCADED_ZERO1" value="7517"/>
   <key name="IL_CASCADED_Kdc1" value="1.07984e+11"/>
   <key name="IL_CASCADED_POLE2" value="53215"/>
   <key name="IL_CASCADED_ZERO2" value="-0"/>
   <key name="IL_CASCADED_Kdc2" value="1.59816"/>
   <key name="IL_CASCADED_POLE3" value="53215"/>
   <key name="IL_CASCADED_ZERO3" value="7517"/>
   <key name="IL_CASCADED_Kdc3" value="0.305297"/>
   <key name="OUTER_LOOP_COMPENSATOR" value="2P2Z (2 Poles 2 Zeros)"/>
   <key name="OL_GAIN_Kdc" value="45.679"/>
   <key name="OL_POLE1" value="22"/>
   <key name="OL_ZERO1" value="5"/>
   <key name="OL_CASCADED_POLE1" value="-0"/>
   <key name="OL_CASCADED_ZERO1" value="4"/>
   <key name="OL_CASCADED_Kdc1" value="0.381481"/>
   <key name="OL_CASCADED_POLE2" value="22"/>
   <key name="OL_CASCADED_ZERO2" value="-0"/>
   <key name="OL_CASCADED_Kdc2" value="93.0881"/>
   <key name="OL_CASCADED_POLE3" value="-"/>
   <key name="OL_CASCADED_ZERO3" value="-"/>
   <key name="OL_CASCADED_Kdc3" value="1"/>
   <key name="IL_ABSOLUTE_COEFFICIENT_A1" value="0.49711"/>
   <key name="IL_ABSOLUTE_COEFFICIENT_A2" value="0.43966"/>
   <key name="IL_ABSOLUTE_COEFFICIENT_A3" value="0.063224"/>
   <key name="IL_ABSOLUTE_COEFFICIENT_B0" value="2826266.0565"/>
   <key name="IL_ABSOLUTE_COEFFICIENT_B1" value="-666648.0483"/>
   <key name="IL_ABSOLUTE_COEFFICIENT_B2" value="-2413712.0145"/>
   <key name="IL_ABSOLUTE_COEFFICIENT_B3" value="1079202.0903"/>
   <key name="IL_NORMALIZED_COEFFICIENT_A1" value="1.7587e-07"/>
   <key name="IL_NORMALIZED_COEFFICIENT_A2" value="1.5555e-07"/>
   <key name="IL_NORMALIZED_COEFFICIENT_A3" value="2.2368e-08"/>
   <key name="IL_NORMALIZED_COEFFICIENT_B0" value="0.9999"/>
   <key name="IL_NORMALIZED_COEFFICIENT_B1" value="-0.23585"/>
   <key name="IL_NORMALIZED_COEFFICIENT_B2" value="-0.85394"/>
   <key name="IL_NORMALIZED_COEFFICIENT_B3" value="0.38181"/>
   <key name="IL_NORMALIZED_NORMAL" value="2826548.7114"/>
   <key name="IL_NORMALIZED_POSTSHIFT" value="22"/>
   <key name="IL_NORMALIZED_POSTSCALAR" value="22082"/>
   <key name="IL_CASCADED_COEFFICIENT_A11" value="32767"/>
   <key name="IL_CASCADED_COEFFICIENT_B10" value="22080"/>
   <key name="IL_CASCADED_COEFFICIENT_B11" value="-13644"/>
   <key name="IL_CASCADED_COEFFICIENT_POSTSHIFT" value="-22"/>
   <key name="IL_CASCADED_COEFFICIENT_B20" value="32767"/>
   <key name="IL_CASCADED_COEFFICIENT_B21" value="32767"/>
   <key name="IL_CASCADED_COEFFICIENT_A21" value="-8239"/>
   <key name="IL_CASCADED_COEFFICIENT_B30" value="32767"/>
   <key name="IL_CASCADED_COEFFICIENT_B31" value="-20248"/>
   <key name="OL_ABSOLUTE_COEFFICIENT_A1" value="1.9785"/>
   <key name="OL_ABSOLUTE_COEFFICIENT_A2" value="-0.97852"/>
   <key name="OL_ABSOLUTE_COEFFICIENT_A3" value="0"/>
   <key name="OL_ABSOLUTE_COEFFICIENT_B0" value="0.01691"/>
   <key name="OL_ABSOLUTE_COEFFICIENT_B1" value="7.8511e-05"/>
   <key name="OL_ABSOLUTE_COEFFICIENT_B2" value="-0.016832"/>
   <key name="OL_ABSOLUTE_COEFFICIENT_B3" value="0"/>
   <key name="OL_NORMALIZED_COEFFICIENT_A1" value="0.9999"/>
   <key name="OL_NORMALIZED_COEFFICIENT_A2" value="-0.49452"/>
   <key name="OL_NORMALIZED_COEFFICIENT_A3" value="0"/>
   <key name="OL_NORMALIZED_COEFFICIENT_B0" value="0.0085462"/>
   <key name="OL_NORMALIZED_COEFFICIENT_B1" value="3.9678e-05"/>
   <key name="OL_NORMALIZED_COEFFICIENT_B2" value="-0.0085065"/>
   <key name="OL_NORMALIZED_COEFFICIENT_B3" value="0"/>
   <key name="OL_NORMALIZED_NORMAL" value="1.9787"/>
   <key name="OL_NORMALIZED_POSTSHIFT" value="1"/>
   <key name="OL_NORMALIZED_POSTSCALAR" value="32419"/>
   <key name="OL_CASCADED_COEFFICIENT_A11" value="32767"/>
   <key name="OL_CASCADED_COEFFICIENT_B10" value="554"/>
   <key name="OL_CASCADED_COEFFICIENT_B11" value="-552"/>
   <key name="OL_CASCADED_COEFFICIENT_POSTSHIFT" value="0"/>
   <key name="OL_CASCADED_COEFFICIENT_B20" value="32767"/>
   <key name="OL_CASCADED_COEFFICIENT_B21" value="32767"/>
   <key name="OL_CASCADED_COEFFICIENT_A21" value="32063"/>
   <key name="OL_CASCADED_COEFFICIENT_B30" value="1"/>
   <key name="OL_CASCADED_COEFFICIENT_B31" value="0"/>
</PowerSmart_Project_Details>